{"UUID":"JAQ2qvcoqlJXVyV1ksuU5r","layoutMainAxisSizing":null,"layoutCrossAxisSizing":null,"name":"HcFood Prototype","isVisible":true,"boundaryRectangle":null,"style":null,"prototypeNodeUUID":null,"child":null,"constraints":null,"debug":false,"pngPath":"/usr/src/app/temp-out/pb-tmp-fce235c3-d221-46a6-8f0c-9033d22fd6a4/hcfood/lib/assets/images","pages":[{"UUID":"0:1","layoutMainAxisSizing":null,"layoutCrossAxisSizing":null,"name":"Page 1","isVisible":true,"boundaryRectangle":null,"style":null,"prototypeNodeUUID":null,"child":null,"constraints":null,"convert":true,"screens":[],"pbdlType":"page"}],"miscPages":[],"sharedStyles":[],"globalStyles":{"UUID":"","layoutMainAxisSizing":null,"layoutCrossAxisSizing":null,"name":"","isVisible":false,"boundaryRectangle":null,"style":null,"prototypeNodeUUID":null,"child":null,"constraints":null,"pbdlType":"global_styles","designSystem":"material","colors":[{"UUID":"809:131","layoutMainAxisSizing":null,"layoutCrossAxisSizing":null,"name":"Rodinia Main color","isVisible":false,"boundaryRectangle":null,"style":null,"prototypeNodeUUID":null,"child":null,"constraints":null,"description":"","pbdlType":"global_color","color":{"a":1.0,"r":0.04313725605607033,"g":0.45098039507865906,"b":0.37254902720451355}},{"UUID":"809:133","layoutMainAxisSizing":null,"layoutCrossAxisSizing":null,"name":"Text Color","isVisible":false,"boundaryRectangle":null,"style":null,"prototypeNodeUUID":null,"child":null,"constraints":null,"description":"","pbdlType":"global_color","color":{"a":1.0,"r":0.10833333432674408,"g":0.10833333432674408,"b":0.10833333432674408}},{"UUID":"809:134","layoutMainAxisSizing":null,"layoutCrossAxisSizing":null,"name":"Rodinia Error","isVisible":false,"boundaryRectangle":null,"style":null,"prototypeNodeUUID":null,"child":null,"constraints":null,"description":"","pbdlType":"global_color","color":{"a":1.0,"r":0.9410590529441833,"g":0.2506076693534851,"b":0.41631656885147095}},{"UUID":"809:137","layoutMainAxisSizing":null,"layoutCrossAxisSizing":null,"name":"Primary green","isVisible":false,"boundaryRectangle":null,"style":null,"prototypeNodeUUID":null,"child":null,"constraints":null,"description":"","pbdlType":"global_color","color":{"a":1.0,"r":0.04313725605607033,"g":0.45098039507865906,"b":0.37254902720451355}}],"textStyles":[{"UUID":"809:132","layoutMainAxisSizing":null,"layoutCrossAxisSizing":null,"name":"header 4","isVisible":false,"boundaryRectangle":null,"style":null,"prototypeNodeUUID":null,"child":null,"constraints":null,"description":"","pbdlType":"global_text_style","textStyle":{"UUID":"","layoutMainAxisSizing":null,"layoutCrossAxisSizing":null,"name":"","isVisible":false,"boundaryRectangle":null,"style":null,"prototypeNodeUUID":"","child":null,"constraints":null,"fontFamily":"DM Sans","fontPostScriptName":"DMSans-Medium","paragraphSpacing":0,"paragraphIndent":0,"listSpacing":0,"italics":null,"fontWeight":500,"fontSize":18.0,"textCase":"ORIGINAL","textDecoration":"NONE","textAutoResize":"WIDTH_AND_HEIGHT","textAlignHorizontal":"LEFT","textAlignVertical":"TOP","letterSpacing":-0.36,"fills":null,"hyperLink":null,"opentypeFlags":{},"lineHeightPx":27.413999557495117,"lineHeightPercent":116.97388458251953,"lineHeightPercentFontSize":152.3000030517578,"lineHeightUnit":"FONT_SIZE_%","pbdlType":"text_style"}},{"UUID":"809:135","layoutMainAxisSizing":null,"layoutCrossAxisSizing":null,"name":"Header 1","isVisible":false,"boundaryRectangle":null,"style":null,"prototypeNodeUUID":null,"child":null,"constraints":null,"description":"","pbdlType":"global_text_style","textStyle":{"UUID":"","layoutMainAxisSizing":null,"layoutCrossAxisSizing":null,"name":"","isVisible":false,"boundaryRectangle":null,"style":null,"prototypeNodeUUID":"","child":null,"constraints":null,"fontFamily":"DM Sans","fontPostScriptName":"DMSans-Bold","paragraphSpacing":0,"paragraphIndent":0,"listSpacing":0,"italics":null,"fontWeight":700,"fontSize":24.0,"textCase":"ORIGINAL","textDecoration":"NONE","textAutoResize":"WIDTH_AND_HEIGHT","textAlignHorizontal":"LEFT","textAlignVertical":"TOP","letterSpacing":-0.72,"fills":null,"hyperLink":null,"opentypeFlags":{},"lineHeightPx":31.248001098632812,"lineHeightPercent":100.0,"lineHeightPercentFontSize":null,"lineHeightUnit":"INTRINSIC_%","pbdlType":"text_style"}}],"themeColors":[],"themeTextStyles":[]},"pbdlType":"project","azure_container_uri":"https://pbnestcore.blob.core.windows.net/jaq2qvcoqljxvyv1ksuu5r"}